Model,Accuracy,Precision,Recall,F1,ROC_AUC,PR_AUC
LogReg,1.0,1.0,1.0,1.0,1.0,1.0
RandomForest,0.9823008849557522,0.975,1.0,0.9873417721518988,1.0,1.0
MLP,1.0,1.0,1.0,1.0,1.0,1.0
XGBoost,1.0,1.0,1.0,1.0,1.0,0.9999999999999999
